{
	"name": "foundry-skillify",
	"title": "Skillify",
	"description": "",
	"author": "Aksu",
	"authors": [],
	"url": "https://github.com/aksu560/skillify",
	"flags": {},
	"version": "0.1.0",
	"minimumCoreVersion": "0.8.8",
	"compatibleCoreVersion": "0.8.8",
	"scripts": [],
	"esmodules": [
		"foundry-skillify.js"
	],
	"styles": [
		"foundry-skillify.css"
	],
	"languages": [],
	"packs": [],
	"system": [],
	"dependencies": [],
	"socket": false,
	"manifest": "https://raw.githubusercontent.com/aksu560/skillify/master/dist/module.json",
	"download": "https://raw.githubusercontent.com/aksu560/skillify/master/package/foundry-skillify-v0.0.1.zip",
	"protected": false,
	"coreTranslation": false
}